name.firstName,name.lastName,age,address.line1,address.line2,address.city,address.state,gender
Cathy,Cummings,33,0998 James Cove,Suite 212,Ashleyborough,SD,Male
Mary,Smith,36,24968 Nathan Rapid,Suite 968,West Cindy,CT,Female
Kimberly,White,60,83273 Michelle Ferry,Apt. 327,South Franciscostad,IA,Female
James,Shah,59,235 Tammy Glens,Apt. 195,Allisonport,ID,Male
Karen,Padilla,78,08451 Caitlyn Plaza,Apt. 488,Martinezside,VI,Female
Robin,King,57,354 Lisa Freeway Suite 151,Suite 581,East Shane,NY,Female
Joseph,Coffey,57,35321 Scott Shores Apt. 052,Apt. 162,Lake Michelle,NE,Female
Scott,Howell,35,762 Lisa Union,Apt. 388,Carlview,MI,Female
Hannah,Edwards,57,21866 Stephanie Rue Apt. 681,Suite 110,Lawrencehaven,NH,Female
Justin,Edwards,52,323 Samantha Avenue Suite 117,Suite 534,East Davidton,MN,Male
Caitlin,Terry,31,52211 Riley Loop Apt. 700,Suite 632,East Hannah,NY,Female
Michael,Barton,52,2911 Bray Meadow Apt. 221,Apt. 278,Jamesfurt,VI,Female
Kimberly,Schmidt,56,956 Holt Squares,Suite 636,Beanmouth,VA,Male
Matthew,Rodriguez,56,5848 Andrade Junction,Suite 444,Allenville,GA,Male
Matthew,Pearson,59,06974 Denise Rue Suite 423,Suite 278,Port Ashley,NY,Male
Shirley,White,31,68957 Roberts Alley,Suite 327,New Brady,AS,Male
Amy,Carr,47,574 Fowler Plains Apt. 079,Suite 386,Autumnmouth,MS,Male
Daniel,Jones,62,8236 Barry Dam Suite 147,Suite 508,Stephenfort,NV,Male
Vanessa,Russell,57,7546 Davis Forges,Suite 320,Burkeville,NV,Female